1111,E1,1111,2017-11-01 05:07:20.063,1,1,-8.0450029233889,-34.9595809017655
1111,E1,1111,2017-11-01 05:08:19.527,1,0,-8.0450029233889,-34.9595809017655
1111,E1,1111,2017-11-01 05:09:19.007,1,1,-8.04518329468736,-34.9596724720289
1111,E1,1111,2017-11-01 05:10:18.533,1,1,-8.04520111535336,-34.9597269798752
1111,E1,1111,2017-11-01 05:11:17.983,1,0,-8.04520111535336,-34.9597269798752
1111,E1,1111,2017-11-01 05:12:17.433,1,1,-8.04549905260128,-34.9598100447972
1111,E1,1111,2017-11-01 05:13:16.927,1,1,-8.04543546806369,-34.9598732318974
1111,E1,1111,2017-11-01 05:14:16.423,1,1,-8.04543546806369,-34.9598732318974
1111,E1,1111,2017-11-01 05:15:16.153,1,1,-8.0456806793868,-34.9596385802907
1111,E1,1111,2017-11-01 05:16:15.727,1,1,-8.04784189561704,-34.9595219798629
1111,E1,1111,2017-11-01 05:17:15.207,1,1,-8.04894658174532,-34.9572596738255
1111,E1,1111,2017-11-01 05:18:14.640,1,0,-8.04894658174532,-34.9572596738255
1111,E1,1111,2017-11-01 05:19:14.090,1,1,-8.04715405074875,-34.9539947826124
1111,E1,1111,2017-11-01 05:20:13.523,1,1,-8.04640521249474,-34.9479684202414
1111,E1,1111,2017-11-01 05:21:12.940,1,1,-8.04989712054662,-34.9455814095148
1111,E1,1111,2017-11-01 05:22:12.797,1,1,-8.04161110311919,-34.9428026306876
1111,E1,1111,2017-11-01 05:23:12.400,1,1,-8.03507496302102,-34.9408577047713
1111,E1,1111,2017-11-01 05:24:12.037,1,1,-8.03637529060828,-34.9373446157575
1111,E1,1111,2017-11-01 05:25:11.687,1,1,-8.03470502284356,-34.9349512138154
1111,E1,1111,2017-11-01 05:26:11.340,1,1,-8.03285669950768,-34.9319674220561
1111,E1,1111,2017-11-01 05:27:10.990,1,1,-8.03258762295211,-34.9334355268058
1111,E1,1111,2017-11-01 05:28:10.627,1,1,-8.03256054452721,-34.9334263284275
1111,E1,1111,2017-11-01 05:29:10.280,1,1,-8.03257858259533,-34.9334354840209
1111,E1,1111,2017-11-01 05:30:09.917,1,1,-8.03257862524088,-34.9334264139968
1111,E1,1111,2017-11-01 05:31:09.537,1,1,-8.03257853994957,-34.933444554045
1111,E1,1111,2017-11-01 05:32:09.173,1,1,-8.0325781561288,-34.9335261842598
1111,E1,1111,2017-11-01 05:33:08.857,1,1,-8.0325690731248,-34.9335352114964
1111,E1,1111,2017-11-01 05:34:08.523,1,1,-8.03256937165453,-34.9334717213314
1111,E1,1111,2017-11-01 05:35:08.173,1,1,-8.0325423785226,-34.9334443829051
1111,E1,1111,2017-11-01 05:36:07.810,1,1,-8.03253342345668,-34.933426200074
1111,E1,1111,2017-11-01 05:37:07.460,1,1,-8.03244664274762,-34.9345777073324
1111,E1,1111,2017-11-01 05:38:07.083,1,1,-8.03564449313408,-34.9351098598158
1111,E1,1111,2017-11-01 05:39:06.717,1,1,-8.03806437519788,-34.9319013550123
1111,E1,1111,2017-11-01 05:40:06.387,1,1,-8.03870981447271,-34.9292195778254
1111,E1,1111,2017-11-01 05:41:06.023,1,1,-8.03559220379008,-34.9289236672322
1111,E1,1111,2017-11-01 05:42:05.657,1,1,-8.03353329458827,-34.9284241488022
1111,E1,1111,2017-11-01 05:43:05.327,1,1,-8.03326359098187,-34.9300283120895
1111,E1,1111,2017-11-01 05:44:04.993,1,1,-8.03268246064295,-34.9324926716504
1111,E1,1111,2017-11-01 05:45:04.643,1,1,-8.03308782483473,-34.9347258673908
1111,E1,1111,2017-11-01 05:46:04.297,1,1,-8.03575280649235,-34.9351466542233
1111,E1,1111,2017-11-01 05:47:03.947,1,1,-8.0395622768455,-34.9363438587741
1111,E1,1111,2017-11-01 05:48:03.600,1,1,-8.04143954530537,-34.9370149051976
1111,E1,1111,2017-11-01 05:49:03.250,1,1,-8.04270419040522,-34.9353156663985
1111,E1,1111,2017-11-01 05:50:02.997,1,1,-8.04383501923494,-34.9332348220577
1111,E1,1111,2017-11-01 05:51:02.710,1,1,-8.04554928580987,-34.9301226864993
1111,E1,1111,2017-11-01 05:52:02.423,1,1,-8.04776276731104,-34.9285095280354
1111,E1,1111,2017-11-01 05:53:02.170,1,1,-8.04557836819156,-34.929705579586
1111,E1,1111,2017-11-01 05:54:02.167,1,1,-8.0438732727438,-34.9327905498389
1111,E1,1111,2017-11-01 05:55:01.880,1,1,-8.04335344641362,-34.9337495565451
1111,E1,1111,2017-11-01 05:56:01.547,1,1,-8.0419629830163,-34.9333710787309
12024,E3,4818,2017-11-01 02:05:32.937,1,1,-8.04487713959408,-34.9594170309107
12024,E3,4818,2017-11-01 02:06:32.327,1,1,-8.04488596338131,-34.9594624251244
12024,E3,4818,2017-11-01 02:07:31.447,1,1,-8.04490413037351,-34.959444371665
12024,E3,4818,2017-11-01 02:08:30.567,1,1,-8.04489461401609,-34.9595440999673
12024,E3,4818,2017-11-01 02:09:29.690,1,1,-8.04548079899759,-34.9598462385933
12024,E3,4818,2017-11-01 02:10:28.810,1,1,-8.04568041962266,-34.9596930013335
12024,E3,4818,2017-11-01 02:11:27.933,1,1,-8.04568954642092,-34.9596749044231
12024,E3,4818,2017-11-01 02:12:27.083,1,1,-8.04585343908603,-34.9594307914851
12024,E3,4818,2017-11-01 02:13:26.220,1,1,-8.04174546316933,-34.9582954137546
12024,E3,4818,2017-11-01 02:14:25.343,1,1,-8.03628671130537,-34.9560470303566
12024,E3,4818,2017-11-01 02:15:24.463,1,1,-8.03195524711635,-34.954375529068
12024,E3,4818,2017-11-01 02:16:23.617,1,1,-8.02822471794323,-34.9594096824274
12024,E3,4818,2017-11-01 02:17:22.783,1,1,-8.02166417864229,-34.9645117737412
12024,E3,4818,2017-11-01 02:18:21.907,1,1,-8.01857043994142,-34.9705917837653
12024,E3,4818,2017-11-01 02:19:21.043,1,1,-8.0192825275969,-34.9766900655683
12024,E3,4818,2017-11-01 02:20:20.197,1,1,-8.0200451225974,-34.9797865220237
12024,E3,4818,2017-11-01 02:21:19.347,1,1,-8.02151091803704,-34.9870312511985
12024,E3,4818,2017-11-01 02:22:18.533,1,1,-8.02347982653996,-34.994895196125
12024,E3,4818,2017-11-01 02:23:17.667,1,1,-8.02995443960189,-34.9963870345592
12024,E3,4818,2017-11-01 02:24:16.837,1,1,-8.03302896948391,-34.9924838531431
12024,E3,4818,2017-11-01 02:25:15.990,1,1,-8.03463556453816,-34.9892809202297
12024,E3,4818,2017-11-01 02:26:15.127,1,1,-8.0358618077982,-34.9880805819619
12024,E3,4818,2017-11-01 02:27:14.293,1,1,-8.03563339334895,-34.9885783203505
12024,E3,4818,2017-11-01 02:28:13.447,1,0,-8.03563339334895,-34.9885783203505
12024,E3,4818,2017-11-01 04:34:38.013,1,1,-8.03558108344365,-34.9881789853515
12024,E3,4818,2017-11-01 04:35:37.463,1,1,-8.03576245489231,-34.9880619582379
12024,E3,4818,2017-11-01 04:36:36.897,1,1,-8.03571607011493,-34.9883066226924
12024,E3,4818,2017-11-01 04:37:36.360,1,1,-8.0362079618628,-34.9875380658771
12024,E3,4818,2017-11-01 04:38:35.840,1,1,-8.03486822537453,-34.9860349955887
12024,E3,4818,2017-11-01 04:39:35.290,1,1,-8.03465680346756,-34.9830136554944
12024,E3,4818,2017-11-01 04:40:34.707,1,1,-8.03561424018775,-34.9794356368656
12024,E3,4818,2017-11-01 04:41:34.127,1,1,-8.03793701465827,-34.9814332495051
12024,E3,4818,2017-11-01 04:42:33.527,1,1,-8.03782717773297,-34.981713889268
12024,E3,4818,2017-11-01 04:43:32.947,1,1,-8.03782730894761,-34.9816866796307
12024,E3,4818,2017-11-01 04:44:32.347,1,1,-8.03782730894761,-34.9816866796307
12024,E3,4818,2017-11-01 04:45:31.767,1,1,-8.03784530165634,-34.9817049071523
12024,E3,4818,2017-11-01 04:46:31.213,1,1,-8.03784530165634,-34.9817049071523
12024,E3,4818,2017-11-01 04:47:30.693,1,0,-8.03784530165634,-34.9817049071523
12024,E3,4818,2017-11-01 04:48:30.173,1,1,-8.0362133329125,-34.9789306170497
12024,E3,4818,2017-11-01 04:49:29.637,1,1,-8.03621228076557,-34.9772707883315
12024,E3,4818,2017-11-01 04:50:29.150,1,1,-8.03666340262304,-34.9755768654008
12024,E3,4818,2017-11-01 04:51:28.630,1,1,-8.03737186688874,-34.9730043792264
12024,E3,4818,2017-11-01 04:52:28.127,1,0,-8.03737186688874,-34.9730043792264
12024,E3,4818,2017-11-01 04:53:27.637,1,1,-8.03897687894931,-34.9644408112806
12024,E3,4818,2017-11-01 04:54:27.133,1,1,-8.03600418798603,-34.9622133920288
12024,E3,4818,2017-11-01 04:55:26.613,1,1,-8.03230207214764,-34.959383882534
12024,E3,4818,2017-11-01 04:56:26.093,1,0,-8.03230207214764,-34.959383882534
12024,E3,4818,2017-11-01 04:58:24.990,1,1,-8.03043947073013,-34.9575428006019
12024,E3,4818,2017-11-01 04:59:24.457,1,0,-8.03043947073013,-34.9575428006019
12024,E3,4818,2017-11-01 05:01:23.290,1,1,-8.03314779259944,-34.9526397682487
12105,E3,4004,2017-11-01 06:46:46.000,1,1,-8.02531099440069,-34.9957204055925
12105,E3,4004,2017-11-01 06:47:45.697,1,1,-8.02499340620439,-34.9959637382934
12105,E3,4004,2017-11-01 06:48:45.413,1,0,-8.02499340620439,-34.9959637382934
12105,E3,4004,2017-11-01 07:02:41.330,1,1,-8.02409472411868,-34.9948619166098
12105,E3,4004,2017-11-01 07:03:41.013,1,1,-8.02410380809849,-34.9948528912041
12105,E3,4004,2017-11-01 07:04:40.540,1,1,-8.02359655571097,-34.995059020173
12105,E3,4004,2017-11-01 07:05:40.177,1,1,-8.02315101739618,-34.9918552417555
12105,E3,4004,2017-11-01 07:06:39.830,1,1,-8.02276479640219,-34.9913363877819
12105,E3,4004,2017-11-01 07:07:39.480,1,1,-8.0205199698873,-34.991924057679
12105,E3,4004,2017-11-01 07:08:39.057,1,1,-8.0184802087129,-34.9912339076854
12105,E3,4004,2017-11-01 07:09:38.597,1,1,-8.01547403499046,-34.9903576768305
12105,E3,4004,2017-11-01 07:10:38.280,1,0,-8.01547403499046,-34.9903576768305
12105,E3,4004,2017-11-01 07:11:37.917,1,1,-8.01152740263211,-34.9914086909156
12105,E3,4004,2017-11-01 07:12:37.520,1,0,-8.01152740263211,-34.9914086909156
12105,E3,4004,2017-11-01 07:13:37.063,1,1,-8.00896421503937,-34.994271228471
12105,E3,4004,2017-11-01 07:14:36.653,1,1,-8.00743035182926,-34.995524402809
12105,E3,4004,2017-11-01 07:15:36.290,1,1,-8.00696373655235,-34.996673935658
12105,E3,4004,2017-11-01 07:16:35.987,1,1,-8.00657044903313,-34.9976152284842
12105,E3,4004,2017-11-01 07:17:35.467,1,1,-8.00704562356055,-34.9965655026526
12105,E3,4004,2017-11-01 07:18:34.997,1,1,-8.00764226466997,-34.9947001238484
12105,E3,4004,2017-11-01 07:19:34.617,1,1,-8.00767930198725,-34.9945189170572
12105,E3,4004,2017-11-01 07:20:34.250,1,1,-8.00767925813009,-34.9945279861976
12105,E3,4004,2017-11-01 07:21:33.967,1,1,-8.00768825430766,-34.9945370993357
12105,E3,4004,2017-11-01 07:22:33.697,1,1,-8.00767925813009,-34.9945279861976
12105,E3,4004,2017-11-01 07:23:33.410,1,1,-8.00768829816508,-34.9945280301952
12105,E3,4004,2017-11-01 07:24:33.093,1,1,-8.00768834202229,-34.9945189610547
12105,E3,4004,2017-11-01 07:25:32.777,1,1,-8.0076702180951,-34.9945279421999
12105,E3,4004,2017-11-01 07:26:32.410,1,1,-8.00766117806011,-34.9945278982023
12105,E3,4004,2017-11-01 07:27:32.047,1,1,-8.00774266994685,-34.9945010867572
12105,E3,4004,2017-11-01 07:28:31.760,1,1,-8.01018469948419,-34.9923907307584
12105,E3,4004,2017-11-01 07:29:31.523,1,1,-8.01262466573199,-34.9907066063057
12105,E3,4004,2017-11-01 07:30:31.253,1,1,-8.01538350302094,-34.9903844453442
12105,E3,4004,2017-11-01 07:31:30.950,1,1,-8.01789720768104,-34.9902787631057
12105,E3,4004,2017-11-01 07:32:30.757,1,1,-8.01993218394824,-34.9900891279835
12105,E3,4004,2017-11-01 07:33:30.473,1,1,-8.02133413743956,-34.9899417626661
12105,E3,4004,2017-11-01 07:34:30.233,1,1,-8.02211987693009,-34.990099769699
12105,E3,4004,2017-11-01 07:35:29.947,1,1,-8.02229554742911,-34.9911617791144
12105,E3,4004,2017-11-01 07:36:29.663,1,1,-8.02298741430575,-34.9939041977361
12105,E3,4004,2017-11-01 07:37:29.377,1,1,-8.02413249314753,-34.9963948823636
12105,E3,4004,2017-11-01 07:38:29.137,1,1,-8.02540139460728,-34.9957208468166
12105,E3,4004,2017-11-01 07:39:28.883,1,1,-8.02512058222973,-34.9958373827938
12105,E3,4004,2017-11-01 07:40:28.673,1,1,-8.02471246186909,-34.9961074825662
12105,E3,4004,2017-11-01 07:41:28.467,1,0,-8.02471246186909,-34.9961074825662
12105,E3,4004,2017-11-01 07:50:26.267,1,1,-8.02521247768536,-34.9955294602789
12105,E3,4004,2017-11-01 07:51:26.070,1,1,-8.02407681988036,-34.9948255504104
12105,E3,4004,2017-11-01 07:52:25.893,1,1,-8.0241038960056,-34.9948347521995
12105,E3,4004,2017-11-01 07:53:25.670,1,1,-8.02276672703998,-34.9928056888496
12105,E3,4004,2017-11-01 07:54:25.407,1,1,-8.0226019000989,-34.9913718735428
12105,E3,4004,2017-11-01 07:55:25.220,1,1,-8.02209333233716,-34.9918500912121
12105,E3,4004,2017-11-01 07:56:24.987,1,1,-8.0198249392296,-34.9917030027558
12108,E3,13,2017-11-14 18:09:46.403,1,1,-8.01402982325097,-35.0066757084837
12108,E3,13,2017-11-14 18:16:46.147,1,1,-8.02417767865616,-35.0019820351984
12108,E3,13,2017-11-14 18:17:32.853,1,1,-8.02471615374939,-35.0009325867002
12108,E3,13,2017-11-14 18:18:33.317,1,1,-8.02480853030577,-34.9986656122179
12108,E3,13,2017-11-14 18:19:31.723,1,1,-8.02536536646299,-34.99569346175
12108,E3,13,2017-11-14 18:20:31.383,1,1,-8.02512071417174,-34.9958101742356
12108,E3,13,2017-11-14 18:21:31.077,1,1,-8.02425137692256,-34.9961143016351
12108,E3,13,2017-11-14 18:22:30.707,1,1,-8.02520334971391,-34.9955475552072
12108,E3,13,2017-11-14 18:23:30.353,1,1,-8.02520334971391,-34.9955475552072
12108,E3,13,2017-11-14 18:24:30.077,1,1,-8.02519444161627,-34.9955203025216
12108,E3,13,2017-11-14 18:25:29.707,1,1,-8.0253288545419,-34.9957658414592
12108,E3,13,2017-11-14 18:26:29.347,1,1,-8.024857673964,-34.9959902849508
12108,E3,13,2017-11-14 18:27:29.047,1,1,-8.02484845801159,-34.9960265188746
12108,E3,13,2017-11-14 18:28:28.730,1,1,-8.02484867792737,-34.9959811713128
12108,E3,13,2017-11-14 18:29:28.400,1,1,-8.02454947762364,-34.9961611053117
12108,E3,13,2017-11-14 18:30:28.100,1,1,-8.0249900822901,-34.9947846567084
12108,E3,13,2017-11-14 18:35:15.027,1,1,-8.02455279790073,-34.9973401846661
12108,E3,13,2017-11-14 18:36:06.977,1,1,-8.02471632440818,-34.999037019618
12108,E3,13,2017-11-14 18:37:05.473,1,1,-8.02472946963476,-35.0000528909042
12108,E3,13,2017-11-14 18:38:03.880,1,1,-8.02460679199649,-35.0011134454805
12108,E3,13,2017-11-14 18:39:03.253,1,1,-8.0224375017836,-35.0028986205233
12108,E3,13,2017-11-14 18:40:02.377,1,1,-8.02202942303062,-35.0031596415817
12108,E3,13,2017-11-14 18:41:01.297,1,1,-8.01881421726892,-35.0062366156284
12108,E3,13,2017-11-14 18:42:01.357,1,1,-8.01751597960633,-35.0073639399224
12108,E3,13,2017-11-14 18:43:00.993,1,1,-8.01653325463183,-35.0086741948891
12108,E3,13,2017-11-14 18:44:00.537,1,1,-8.01504906649963,-35.0090024819637
12108,E3,13,2017-11-14 18:45:00.380,1,1,-8.01347987176393,-35.008223883227
12108,E3,13,2017-11-14 18:46:00.220,1,1,-8.01342576459358,-35.00819640966
12108,E3,13,2017-11-14 18:46:59.950,1,1,-8.01243340157514,-35.0077743516706
12108,E3,13,2017-11-14 18:47:59.683,1,1,-8.01074663825111,-35.0070042579087
12108,E3,13,2017-11-14 18:48:59.383,1,1,-8.00984577545517,-35.0063559215875
12108,E3,13,2017-11-14 18:49:58.850,1,1,-8.00997586476036,-35.0056310111751
12108,E3,13,2017-11-14 18:50:58.440,1,1,-8.01098106629158,-35.0052731577229
12108,E3,13,2017-11-14 18:51:58.250,1,1,-8.01237039819049,-35.0058604010199
12108,E3,13,2017-11-14 18:52:57.640,1,1,-8.01465243252136,-35.0069145652755
12108,E3,13,2017-11-14 18:53:57.370,1,1,-8.01719706178361,-35.0078793370732
12108,E3,13,2017-11-14 18:54:57.150,1,1,-8.01771481451925,-35.0073739846139
12108,E3,13,2017-11-14 18:55:56.850,1,1,-8.01891370106162,-35.0062280338074
12108,E3,13,2017-11-14 18:56:56.580,1,1,-8.02203819825531,-35.0032141023118
12108,E3,13,2017-11-14 18:57:56.313,1,1,-8.02425934731077,-35.0019189472236
12108,E3,13,2017-11-14 18:58:55.950,1,1,-8.02472270945157,-34.9977219426446
12108,E3,13,2017-11-14 18:59:55.713,1,1,-8.02547309902806,-34.9958481731837
12108,E3,13,2017-11-14 19:00:55.413,1,1,-8.02513879421226,-34.9958102624819
12108,E3,13,2017-11-14 19:01:55.193,1,1,-8.02489383404151,-34.9959904614536
12108,E3,13,2017-11-14 19:02:55.063,1,1,-8.02488479402214,-34.9959904173278
12108,E3,13,2017-11-14 19:03:54.593,1,1,-8.02448593358208,-34.9962152134393
12108,E3,13,2017-11-14 19:04:54.420,1,1,-8.02451183995464,-34.9946009292539
12108,E3,13,2017-11-14 19:05:54.197,1,1,-8.02364171188048,-34.9950683101545
12108,E3,13,2017-11-14 19:06:53.883,1,1,-8.02457978590255,-34.9973675256243
12108,E3,13,2017-11-14 19:07:53.583,1,1,-8.02472894076003,-35.0001617247485
12151,E3,3824,2017-11-01 04:36:36.897,1,1,-8.0048693189831,-35.0202164907981
12151,E3,3824,2017-11-01 04:37:36.360,1,1,-8.00483302619054,-35.020243519409
12151,E3,3824,2017-11-01 04:38:35.857,1,1,-8.00478684973218,-35.0204428131897
12151,E3,3824,2017-11-01 04:39:35.307,1,1,-8.00482198779092,-35.020651576849
12151,E3,3824,2017-11-01 04:40:34.707,1,1,-8.00472432543947,-35.0202883294885
12151,E3,3824,2017-11-01 04:41:34.140,1,1,-8.00476052941834,-35.0202794387524
12151,E3,3824,2017-11-01 04:42:33.527,1,1,-8.00500549465787,-35.0200992628244
12151,E3,3824,2017-11-01 04:43:32.960,1,1,-8.00506832985499,-35.0201902640528
12151,E3,3824,2017-11-01 04:44:32.347,1,0,-8.00506832985499,-35.0201902640528
12151,E3,3824,2017-11-01 04:45:31.767,1,1,-8.00590588618237,-35.0208383032407
12151,E3,3824,2017-11-01 04:46:31.213,1,1,-8.01148467705775,-35.0187798775915
12151,E3,3824,2017-11-01 04:47:30.693,1,1,-8.01527856831292,-35.0175379345993
12151,E3,3824,2017-11-01 04:48:30.173,1,0,-8.01527856831292,-35.0175379345993
12151,E3,3824,2017-11-01 04:49:29.653,1,1,-8.01988636594634,-35.0051263156425
12151,E3,3824,2017-11-01 04:50:29.150,1,1,-8.02252776923685,-35.0029262714413
12151,E3,3824,2017-11-01 04:51:28.630,1,1,-8.02474048132348,-34.997785517473
12151,E3,3824,2017-11-01 04:52:28.127,1,1,-8.02392699171241,-34.9958950453635
12151,E3,3824,2017-11-01 04:53:27.637,1,1,-8.02253506576859,-34.9921061937246
12151,E3,3824,2017-11-01 04:54:27.133,1,1,-8.02209429098355,-34.9897822057924
12151,E3,3824,2017-11-01 04:55:26.627,1,1,-8.02122859202988,-34.9855877979418
12151,E3,3824,2017-11-01 04:56:26.110,1,0,-8.02122859202988,-34.9855877979418
12151,E3,3824,2017-11-01 04:59:24.457,1,1,-8.02028501894035,-34.9806583748667
12151,E3,3824,2017-11-01 05:00:23.890,1,0,-8.02028501894035,-34.9806583748667
12151,E3,3824,2017-11-01 05:01:23.290,1,1,-8.01940740270732,-34.9751578874087
12151,E3,3824,2017-11-01 05:02:22.677,1,0,-8.01940740270732,-34.9751578874087
12151,E3,3824,2017-11-01 05:05:21.133,1,1,-8.03206561216084,-34.9558816940007
12151,E3,3824,2017-11-01 05:06:20.583,1,1,-8.0362503345509,-34.9560922070547
12151,E3,3824,2017-11-01 05:07:20.063,1,1,-8.04179927204063,-34.9583863750123
12151,E3,3824,2017-11-01 05:08:19.543,1,1,-8.04578116068984,-34.9594213738493
12151,E3,3824,2017-11-01 05:09:19.023,1,0,-8.04578116068984,-34.9594213738493
12151,E3,3824,2017-11-01 05:10:18.550,1,1,-8.04781464508148,-34.9595490601928
12151,E3,3824,2017-11-01 05:11:17.983,1,0,-8.04781464508148,-34.9595490601928
12151,E3,3824,2017-11-01 05:12:17.433,1,1,-8.04188984720212,-34.9583505285005
12151,E3,3824,2017-11-01 05:13:16.927,1,0,-8.04188984720212,-34.9583505285005
12151,E3,3824,2017-11-01 05:14:16.440,1,1,-8.03012219943772,-34.957722681693
12151,E3,3824,2017-11-01 05:15:16.153,1,1,-8.02588568897311,-34.960795242247
12151,E3,3824,2017-11-01 05:16:15.743,1,1,-8.02046735773651,-34.9671362656061
12151,E3,3824,2017-11-01 05:17:15.223,1,0,-8.02046735773651,-34.9671362656061
12151,E3,3824,2017-11-01 05:18:14.657,1,1,-8.01913407136045,-34.9737144835785
12151,E3,3824,2017-11-01 05:19:14.107,1,0,-8.01913407136045,-34.9737144835785
12151,E3,3824,2017-11-01 05:20:13.537,1,1,-8.02060129767526,-34.9825645448023
12151,E3,3824,2017-11-01 05:21:12.940,1,1,-8.02160768859276,-34.9875849729997
12151,E3,3824,2017-11-01 05:22:12.797,1,1,-8.02438257789984,-34.9970219134115
12151,E3,3824,2017-11-01 05:23:12.417,1,1,-8.0247374518523,-35.0002706028049
12151,E3,3824,2017-11-01 05:24:12.050,1,1,-8.01964105029575,-35.0053790612511
12151,E3,3824,2017-11-01 05:25:11.703,1,1,-8.01660393808304,-35.0090101123301
12151,E3,3824,2017-11-01 05:26:11.357,1,1,-8.01588890361719,-35.0165886537556
12151,E3,3824,2017-11-01 05:27:11.007,1,1,-8.00941918356815,-35.0196675557844
12151,E3,3824,2017-11-01 05:28:10.643,1,1,-8.0058344111146,-35.0206656365788
12151,E3,3824,2017-11-01 05:29:10.280,1,1,-8.00498781450271,-35.0200175532815
3335,E1,7538,2017-11-01 05:27:10.990,1,1,-8.04496732527939,-34.9594628159777
3335,E1,7538,2017-11-01 05:28:10.643,1,1,-8.04538157318255,-34.9598004099284
3335,E1,7538,2017-11-01 05:29:10.280,1,1,-8.04596205148385,-34.9594041021346
3335,E1,7538,2017-11-01 05:30:09.917,1,1,-8.04963051420243,-34.9598117611517
3335,E1,7538,2017-11-01 05:31:09.537,1,1,-8.05328336417757,-34.9597023389647
3335,E1,7538,2017-11-01 05:32:09.173,1,1,-8.05614229331805,-34.957357730148
3335,E1,7538,2017-11-01 05:33:08.857,1,1,-8.05791490424306,-34.9515247303143
3335,E1,7538,2017-11-01 05:34:08.523,1,1,-8.05942983713192,-34.9466337894685
3335,E1,7538,2017-11-01 05:35:08.173,1,1,-8.06431370182343,-34.9443077915429
3335,E1,7538,2017-11-01 05:36:07.810,1,1,-8.06862182378827,-34.9451901251834
3335,E1,7538,2017-11-01 05:37:07.460,1,1,-8.06686563048974,-34.939965933728
3335,E1,7538,2017-11-01 05:38:07.083,1,1,-8.06419798617464,-34.9439262618406
3335,E1,7538,2017-11-01 05:39:06.717,1,1,-8.05916332319137,-34.9456438031998
3335,E1,7538,2017-11-01 05:40:06.387,1,0,-8.05916332319137,-34.9456438031998
3335,E1,7538,2017-11-01 05:46:04.297,1,1,-8.06017312203198,-34.9443152240223
3335,E1,7538,2017-11-01 05:47:03.947,1,1,-8.05935048999333,-34.9423973626841
3335,E1,7538,2017-11-01 05:48:03.600,1,0,-8.05935048999333,-34.9423973626841
3335,E1,7538,2017-11-01 05:49:03.250,1,1,-8.05505931239346,-34.9417510194488
3335,E1,7538,2017-11-01 05:50:02.997,1,1,-8.0526019384766,-34.9414036948945
3335,E1,7538,2017-11-01 05:51:02.710,1,1,-8.05103899561133,-34.9411785551807
3335,E1,7538,2017-11-01 05:52:02.423,1,1,-8.04779571256,-34.9407005148089
3335,E1,7538,2017-11-01 05:53:02.170,1,1,-8.04720860691439,-34.9405888743676
3335,E1,7538,2017-11-01 05:54:02.167,1,1,-8.04549343378083,-34.9400546251241
3335,E1,7538,2017-11-01 05:55:01.880,1,1,-8.04194585733623,-34.938922094931
3335,E1,7538,2017-11-01 05:56:01.547,1,1,-8.04165552949123,-34.9372245498365
3335,E1,7538,2017-11-01 05:57:01.260,1,1,-8.04298683425461,-34.9348090619323
3335,E1,7538,2017-11-01 05:58:00.990,1,1,-8.04382606428265,-34.9332166386665
3335,E1,7538,2017-11-01 05:59:00.687,1,1,-8.04552165300018,-34.9302314021038
3335,E1,7538,2017-11-01 06:00:00.433,1,1,-8.04756247259602,-34.9288079100034
3335,E1,7538,2017-11-01 06:01:00.147,1,1,-8.04687028378204,-34.9279701434788
3335,E1,7538,2017-11-01 06:01:59.863,1,1,-8.04616193884672,-34.9286470863382
3335,E1,7538,2017-11-01 06:02:59.577,1,1,-8.04525939703475,-34.9302483020421
3335,E1,7538,2017-11-01 06:03:59.260,1,1,-8.0433627857252,-34.9336861075603
3335,E1,7538,2017-11-01 06:04:58.957,1,1,-8.04150261378,-34.9370605565976
3335,E1,7538,2017-11-01 06:05:58.860,1,1,-8.04075380563471,-34.9367304682273
3335,E1,7538,2017-11-01 06:06:58.603,1,1,-8.04223959963792,-34.9379801675572
3335,E1,7538,2017-11-01 06:07:58.287,1,1,-8.04250541529753,-34.9391243030793
3335,E1,7538,2017-11-01 06:08:57.953,1,1,-8.04543923474684,-34.9400452968433
3335,E1,7538,2017-11-01 06:09:57.653,1,1,-8.04756987632049,-34.9406631578508
3335,E1,7538,2017-11-01 06:10:57.353,1,1,-8.05103908143913,-34.941160414395
3335,E1,7538,2017-11-01 06:11:57.003,1,1,-8.05370416872042,-34.9415540769704
3335,E1,7538,2017-11-01 06:12:56.670,1,1,-8.0581127858344,-34.9422191142411
3335,E1,7538,2017-11-01 06:13:56.370,1,1,-8.06023808213784,-34.9439617735679
3335,E1,7538,2017-11-01 06:14:56.067,1,1,-8.05938933017656,-34.9456448831982
3335,E1,7538,2017-11-01 06:15:55.750,1,1,-8.05960668439622,-34.945564284989
3335,E1,7538,2017-11-01 06:16:55.433,1,0,-8.05960668439622,-34.945564284989
3335,E1,7538,2017-11-01 06:29:51.000,1,1,-8.05376740791066,-34.9415634489757
3335,E1,7538,2017-11-01 06:30:50.747,1,1,-8.0518792291146,-34.9412914045558
3335,E1,7538,2017-11-01 06:31:50.537,1,1,-8.04925951366956,-34.9408616820432
3335,E1,7538,2017-11-01 06:32:50.220,1,1,-8.04733517128122,-34.9405894766856
12133,E3,9973,2017-11-01 00:08:00.213,1,1,-8.03089740922174,-34.9543976794059
12133,E3,9973,2017-11-01 00:09:00.317,1,0,-8.03089740922174,-34.9543976794059
12133,E3,9973,2017-11-01 00:12:57.927,1,1,-8.03002185038041,-34.9579126718582
12133,E3,9973,2017-11-01 00:13:58.063,1,1,-8.02643004620755,-34.9603897051859
12151,E3,3824,2017-11-01 05:46:04.310,1,1,-8.02478532918801,-34.997858294304
12151,E3,3824,2017-11-01 05:47:03.963,1,1,-8.02520101875678,-34.9960282398413
12151,E3,3824,2017-11-01 05:48:03.600,1,1,-8.02428692122328,-34.9962414511207
12151,E3,3824,2017-11-01 05:49:03.267,1,0,-8.02428692122328,-34.9962414511207
12151,E3,3824,2017-11-01 06:58:42.507,1,1,-8.02427801315999,-34.9962141984974
12151,E3,3824,2017-11-01 06:59:42.173,1,1,-8.02428705317838,-34.9962142426247
12151,E3,3824,2017-11-01 07:00:41.887,1,1,-8.02427792519022,-34.9962323374944
12151,E3,3824,2017-11-01 07:01:41.603,1,1,-8.02426888517192,-34.9962322933667
12151,E3,3824,2017-11-01 07:02:41.347,1,1,-8.02426901712612,-34.9962050848717
12151,E3,3824,2017-11-01 07:03:41.013,1,1,-8.0242509370892,-34.9962049966177
12151,E3,3824,2017-11-01 07:04:40.557,1,1,-8.02425997710766,-34.9962050407447
12151,E3,3824,2017-11-01 07:05:40.193,1,0,-8.02425997710766,-34.9962050407447
12151,E3,3824,2017-11-01 07:06:39.830,1,1,-8.02426897314159,-34.9962141543701
12151,E3,3824,2017-11-01 07:07:39.480,1,0,-8.02426897314159,-34.9962141543701
12151,E3,3824,2017-11-01 07:08:39.070,1,1,-8.0242779691752,-34.9962232679959
12151,E3,3824,2017-11-01 07:09:38.597,1,1,-8.02428687723785,-34.9962505206193
12151,E3,3824,2017-11-01 07:10:38.297,1,0,-8.02428687723785,-34.9962505206193
12151,E3,3824,2017-11-01 07:13:37.063,1,1,-8.02427805714457,-34.9962051289988
12151,E3,3824,2017-11-01 07:14:36.653,1,1,-8.02426910509459,-34.9961869458748
12151,E3,3824,2017-11-01 07:15:36.290,1,1,-8.02432572006906,-34.995697457577
12151,E3,3824,2017-11-01 07:16:35.987,1,1,-8.0242985120581,-34.9957154642324
12151,E3,3824,2017-11-01 07:17:35.467,1,1,-8.02435776393703,-34.9946818052619
12151,E3,3824,2017-11-01 07:18:34.997,1,1,-8.02418543205403,-34.9947988710475
12151,E3,3824,2017-11-01 07:19:34.617,1,0,-8.02418543205403,-34.9947988710475
12151,E3,3824,2017-11-01 07:23:33.410,1,1,-8.02154769104549,-34.986904453989
12151,E3,3824,2017-11-01 07:24:33.093,1,1,-8.02130051903821,-34.9856697743664
12151,E3,3824,2017-11-01 07:25:32.777,1,1,-8.02057653495495,-34.9820746607641
12151,E3,3824,2017-11-01 07:26:32.410,1,1,-8.02011726908056,-34.9798231499394
12151,E3,3824,2017-11-01 07:27:32.063,1,1,-8.01955850474217,-34.9775802302066
12151,E3,3824,2017-11-01 07:28:31.760,1,1,-8.01921508495938,-34.9737874320752
12151,E3,3824,2017-11-01 07:29:31.523,1,1,-8.01869196758517,-34.9716444566516
12151,E3,3824,2017-11-01 07:30:31.253,1,1,-8.02013606097425,-34.9683590919462
12151,E3,3824,2017-11-01 07:31:30.967,1,1,-8.02119585660797,-34.9660332525691
12151,E3,3824,2017-11-01 07:32:30.757,1,1,-8.02402583302618,-34.9621740173923
12151,E3,3824,2017-11-01 07:33:30.473,1,1,-8.02539501097601,-34.9613189447569
12151,E3,3824,2017-11-01 07:34:30.233,1,1,-8.02637424934913,-34.9607159557548
12151,E3,3824,2017-11-01 07:35:29.947,1,1,-8.02751647059861,-34.9600593258523
12151,E3,3824,2017-11-01 07:36:29.663,1,1,-8.02769787977664,-34.959933215967
12151,E3,3824,2017-11-01 07:37:29.390,1,1,-8.02862257394765,-34.9593934496513
12151,E3,3824,2017-11-01 07:38:29.137,1,1,-8.02961072226515,-34.9588177052573
12151,E3,3824,2017-11-01 07:39:28.883,1,1,-8.02970134042337,-34.9587727894428
12151,E3,3824,2017-11-01 07:40:28.673,1,1,-8.03040305082227,-34.9575970464517
12151,E3,3824,2017-11-01 07:41:28.483,1,1,-8.03166143243944,-34.9553264835645
12151,E3,3824,2017-11-01 07:42:28.227,1,1,-8.03211749734476,-34.954476076391
12151,E3,3824,2017-11-01 07:43:28.003,1,0,-8.03211749734476,-34.954476076391
12151,E3,3824,2017-11-01 07:57:24.707,1,1,-8.04164648915876,-34.9372245069187
12636,E3,4604,2017-11-14 22:01:11.957,1,1,-7.99632994586982,-34.8395203292675
12636,E3,4604,2017-11-14 22:02:12.623,1,1,-7.99793845191685,-34.839699867998
12636,E3,4604,2017-11-14 22:03:12.433,1,1,-8.00388309157307,-34.8406788862002
12636,E3,4604,2017-11-14 22:04:12.383,1,1,-8.00736844829853,-34.8416831800456
12636,E3,4604,2017-11-14 22:05:11.447,1,1,-8.00807241935689,-34.8419584477849
12636,E3,4604,2017-11-14 22:06:11.380,1,1,-8.01039267469336,-34.8426944933176
12636,E3,4604,2017-11-14 22:07:11.423,1,1,-8.01301743456414,-34.844075907663
12636,E3,4604,2017-11-14 22:08:10.920,1,1,-8.01578017409839,-34.8469454922899
12636,E3,4604,2017-11-14 22:09:10.683,1,1,-8.01847438586502,-34.8489621942525
12636,E3,4604,2017-11-14 22:10:10.417,1,1,-8.02051552403654,-34.8514476295275
12636,E3,4604,2017-11-14 22:11:09.880,1,1,-8.01985397910898,-34.8538029272626
12636,E3,4604,2017-11-14 22:12:09.597,1,1,-8.01941075358886,-34.857864424753
12636,E3,4604,2017-11-14 22:13:09.500,1,1,-8.01914287131934,-34.861128516757
12636,E3,4604,2017-11-14 22:14:09.310,1,1,-8.02495513687244,-34.8633590707943
12636,E3,4604,2017-11-14 22:15:08.450,1,1,-8.029429417248,-34.8675609644319
12636,E3,4604,2017-11-14 22:16:08.650,1,1,-8.03061789963705,-34.8706322272156
12636,E3,4604,2017-11-14 22:17:08.553,1,1,-8.03200690896988,-34.877305414311
12636,E3,4604,2017-11-14 22:18:06.957,1,1,-8.03220883800784,-34.8786215645038
12636,E3,4604,2017-11-14 22:19:06.923,1,1,-8.03214974287607,-34.8816599058473
12636,E3,4604,2017-11-14 22:20:05.437,1,1,-8.03309442473173,-34.8846393785269
12636,E3,4604,2017-11-14 22:21:05.730,1,1,-8.03426167625022,-34.886395371771
12636,E3,4604,2017-11-14 22:22:04.357,1,1,-8.03677554314512,-34.8902166141697
12636,E3,4604,2017-11-14 22:23:04.477,1,1,-8.03740383560691,-34.8912082128202
12636,E3,4604,2017-11-14 22:24:03.147,1,1,-8.03837683610227,-34.8919474360744
12636,E3,4604,2017-11-14 22:25:02.163,1,1,-8.03890018702077,-34.8921675554323
12636,E3,4604,2017-11-14 22:26:02.643,1,1,-8.04206393749272,-34.8942412589043
12636,E3,4604,2017-11-14 22:27:02.157,1,1,-8.0431063648523,-34.8956066968351
12636,E3,4604,2017-11-14 22:28:01.403,1,1,-8.04345534504321,-34.8963883949394
12636,E3,4604,2017-11-14 22:29:00.980,1,1,-8.04364142601293,-34.8972056192033
12636,E3,4604,2017-11-14 22:30:01.193,1,1,-8.04388219046458,-34.8998825822151
12636,E3,4604,2017-11-14 22:30:59.850,1,1,-8.0439185341261,-34.9017966574871
12636,E3,4604,2017-11-14 22:31:59.487,1,1,-8.04526010805949,-34.9029820988559
12636,E3,4604,2017-11-14 22:32:59.907,1,1,-8.04586959718001,-34.9060689701484
12636,E3,4604,2017-11-14 22:33:59.277,1,1,-8.04764540935428,-34.9091340939183
12636,E3,4604,2017-11-14 22:34:57.577,1,1,-8.0540750891194,-34.9087560228163
12636,E3,4604,2017-11-14 22:35:57.697,1,1,-8.05530682857303,-34.9121633624514
12636,E3,4604,2017-11-14 22:36:56.837,1,1,-8.05299978164519,-34.9163976593514
12636,E3,4604,2017-11-14 22:37:55.617,1,1,-8.05068383140445,-34.9205955764983
12636,E3,4604,2017-11-14 22:38:54.940,1,1,-8.04721943994688,-34.9267744772832
12636,E3,4604,2017-11-14 22:39:54.267,1,0,-8.04721943994688,-34.9267744772832
12636,E3,4604,2017-11-14 22:41:52.577,1,1,-8.0415293925909,-34.9371332469641
12636,E3,4604,2017-11-14 22:42:52.747,1,1,-8.04039842079305,-34.9392412760545
12636,E3,4604,2017-11-14 22:43:51.073,1,1,-8.03857506205237,-34.9424707179321
12636,E3,4604,2017-11-14 22:44:50.930,1,1,-8.03709891970287,-34.9430079112598
12636,E3,4604,2017-11-14 22:45:50.457,1,1,-8.03951552125341,-34.9462393777304
12636,E3,4604,2017-11-14 22:46:50.300,1,1,-8.04316345353957,-34.9471728855382
12636,E3,4604,2017-11-14 22:47:50.263,1,1,-8.04640499729455,-34.9480137715067
12636,E3,4604,2017-11-14 22:48:48.607,1,1,-8.04927282491173,-34.9456872764039
12636,E3,4604,2017-11-14 22:49:48.480,1,1,-8.05184491436712,-34.948529576589
12636,E3,4604,2017-11-14 22:50:48.413,1,1,-8.05339445053242,-34.9534713917747
12724,E3,3439,2017-11-01 06:14:56.083,1,1,-8.01574507405057,-35.0145745339384
12724,E3,3439,2017-11-01 06:15:55.767,1,0,-8.01574507405057,-35.0145745339384
12724,E3,3439,2017-11-01 06:16:55.467,1,1,-8.00893935846989,-35.0198102985313
12724,E3,3439,2017-11-01 06:17:55.147,1,1,-8.00589644645317,-35.0209198792626
12724,E3,3439,2017-11-01 06:18:54.830,1,1,-8.00349812170597,-35.0214703419333
12724,E3,3439,2017-11-01 06:19:54.530,1,1,-8.00270065689206,-35.021865450828
12724,E3,3439,2017-11-01 06:20:54.227,1,1,-8.00187119725578,-35.0269400378317
12724,E3,3439,2017-11-01 06:21:53.957,1,1,-8.00191808493425,-35.0284366625906
12724,E3,3439,2017-11-01 06:22:53.640,1,1,-8.00036815618489,-35.0311043530161
12724,E3,3439,2017-11-01 06:23:53.323,1,1,-7.99791370994926,-35.0357082860698
12724,E3,3439,2017-11-01 06:24:52.977,1,1,-7.99673934606933,-35.0373711350343
12724,E3,3439,2017-11-01 06:25:52.690,1,0,-7.99673934606933,-35.0373711350343
12724,E3,3439,2017-11-01 06:28:51.440,1,1,-7.99571547751354,-35.0378467015894
12724,E3,3439,2017-11-01 06:29:51.030,1,0,-7.99571547751354,-35.0378467015894
12724,E3,3439,2017-11-01 06:30:50.777,1,1,-7.99097721550942,-35.0490774648068
12724,E3,3439,2017-11-01 06:31:50.553,1,0,-7.99097721550942,-35.0490774648068
12724,E3,3439,2017-11-01 06:32:50.250,1,1,-7.98601226918089,-35.0549472664091
12724,E3,3439,2017-11-01 06:33:49.997,1,0,-7.98601226918089,-35.0549472664091
12724,E3,3439,2017-11-01 06:34:49.710,1,1,-7.98101563113884,-35.0599099207726
12724,E3,3439,2017-11-01 06:35:49.300,1,1,-7.98043954022714,-35.0630446975822
12724,E3,3439,2017-11-01 06:36:48.907,1,0,-7.98043954022714,-35.0630446975822
12724,E3,3439,2017-11-01 06:37:48.587,1,1,-7.98059842805555,-35.0674345869055
12724,E3,3439,2017-11-01 06:38:48.287,1,1,-7.98034089333366,-35.0701265911991
12724,E3,3439,2017-11-01 06:39:48.030,1,1,-7.97841441544206,-35.075739228895
12724,E3,3439,2017-11-01 06:40:47.760,1,1,-7.97866356659873,-35.076529425717
12724,E3,3439,2017-11-01 06:41:47.460,1,1,-7.97865484547631,-35.0764659038162
12724,E3,3439,2017-11-01 06:42:47.157,1,1,-7.97865489097015,-35.0764568357784
12724,E3,3439,2017-11-01 06:43:46.873,1,1,-7.97864607885085,-35.0764114499536
12724,E3,3439,2017-11-01 06:44:46.587,1,1,-7.97867301563438,-35.0764478590123
12724,E3,3439,2017-11-01 06:45:46.287,1,1,-7.97867306112792,-35.076438790974
12724,E3,3439,2017-11-01 06:46:46.017,1,1,-7.97856631468746,-35.0760936579445
12724,E3,3439,2017-11-01 06:47:45.713,1,1,-7.97892822477081,-35.0742274189114
12724,E3,3439,2017-11-01 06:48:45.427,1,1,-7.97945234071493,-35.0724617432792
12724,E3,3439,2017-11-01 06:49:45.157,1,1,-7.97952615603829,-35.0721628610368
12724,E3,3439,2017-11-01 06:50:44.887,1,1,-7.98066031916885,-35.0695206199216
12724,E3,3439,2017-11-01 06:51:44.617,1,1,-7.98055698965881,-35.066681704571
12724,E3,3439,2017-11-01 06:52:44.363,1,1,-7.98059448029908,-35.0627915601402
12724,E3,3439,2017-11-01 06:53:44.093,1,1,-7.98321388491739,-35.0577807771539
12724,E3,3439,2017-11-01 06:54:43.807,1,1,-7.98613028104684,-35.0548481025022
12724,E3,3439,2017-11-01 06:55:43.503,1,1,-7.98908934402278,-35.0524234427483
12724,E3,3439,2017-11-01 06:56:43.203,1,1,-7.98909824866264,-35.0524506931323
12724,E3,3439,2017-11-01 06:57:42.900,1,0,-7.98909824866264,-35.0524506931323
12724,E3,3439,2017-11-01 06:58:42.523,1,1,-7.99081850298908,-35.0500923655061
12724,E3,3439,2017-11-01 06:59:42.190,1,1,-7.99165806521577,-35.046677653499
12724,E3,3439,2017-11-01 07:00:41.903,1,1,-7.99239053900499,-35.0448040753554
12724,E3,3439,2017-11-01 07:01:41.633,1,1,-7.99278149240344,-35.0443525846606
12724,E3,3439,2017-11-01 07:02:41.363,1,0,-7.99278149240344,-35.0443525846606
12724,E3,3439,2017-11-01 07:03:41.030,1,1,-7.99419968033094,-35.0427454019104
12724,E3,3439,2017-11-01 07:04:40.587,1,1,-7.99586712361587,-35.0419193675537
12724,E3,3439,2017-11-01 07:05:40.210,1,1,-7.99768640505381,-35.0414659072101
50081,E2,7607,2017-11-01 05:08:36.327,5,1,-8.00188746137486,-34.8822373165618
50081,E2,7607,2017-11-01 05:09:06.327,5,0,-8.00188746137486,-34.8822373165618
50081,E2,7607,2017-11-01 05:09:36.307,5,1,-8.00155614158824,-34.8815374215145
50081,E2,7607,2017-11-01 05:10:06.337,5,1,-8.00072288137251,-34.8778966127955
50081,E2,7607,2017-11-01 05:10:36.317,5,0,-8.00072288137251,-34.8778966127955
50081,E2,7607,2017-11-01 05:12:06.327,5,1,-7.99824920176282,-34.8731418065511
50081,E2,7607,2017-11-01 05:12:36.323,5,1,-7.99662944248479,-34.8714655812117
50081,E2,7607,2017-11-01 05:13:06.320,5,0,-7.99662944248479,-34.8714655812117
50081,E2,7607,2017-11-01 05:13:36.350,5,1,-7.99261698313503,-34.8670938500934
50081,E2,7607,2017-11-01 05:14:06.347,5,1,-7.98930415748237,-34.8639407046899
50081,E2,7607,2017-11-01 05:14:36.343,5,1,-7.98869196273194,-34.863366541836
50081,E2,7607,2017-11-01 05:15:06.357,5,1,-7.98770168959128,-34.8624278830224
50081,E2,7607,2017-11-01 05:15:36.197,5,1,-7.9865313737721,-34.8613160914186
50081,E2,7607,2017-11-01 05:16:06.197,5,1,-7.98572117445511,-34.860541509793
50081,E2,7607,2017-11-01 05:16:36.193,5,1,-7.98386974325538,-34.8580934281665
50081,E2,7607,2017-11-01 05:17:06.160,5,0,-7.98386974325538,-34.8580934281665
50081,E2,7607,2017-11-01 05:17:43.007,5,1,-7.98447608429248,-34.8559466869256
50081,E2,7607,2017-11-01 05:18:12.987,5,0,-7.98447608429248,-34.8559466869256
50081,E2,7607,2017-11-01 05:20:43.007,5,1,-7.982512402916,-34.8563459492513
50081,E2,7607,2017-11-01 05:21:13.003,5,1,-7.98133185081329,-34.8575105816936
50081,E2,7607,2017-11-01 05:21:43.030,5,1,-7.98222020828168,-34.8569885642436
50081,E2,7607,2017-11-01 05:22:13.030,5,1,-7.98322996619563,-34.8576189217176
50081,E2,7607,2017-11-01 05:22:43.010,5,1,-7.9851182172496,-34.8599220512797
50081,E2,7607,2017-11-01 05:23:13.007,5,1,-7.98704428789244,-34.8618535199096
50081,E2,7607,2017-11-01 05:23:43.007,5,1,-7.98857471918356,-34.8633025228226
50081,E2,7607,2017-11-01 05:24:13.160,5,1,-7.98940295131217,-34.8640862668757
50081,E2,7607,2017-11-01 05:24:43.157,5,1,-7.9915905189094,-34.8661640782078
50081,E2,7607,2017-11-01 05:25:13.200,5,1,-7.99286856599068,-34.8674396419087
50081,E2,7607,2017-11-01 05:25:43.167,5,1,-7.99387620616786,-34.86853258884
50081,E2,7607,2017-11-01 05:26:13.180,5,1,-7.9946858905453,-34.8694160361735
50081,E2,7607,2017-11-01 05:26:43.177,5,1,-7.99669235750758,-34.8715474957982
50081,E2,7607,2017-11-01 05:27:13.177,5,1,-7.99824866691514,-34.8732597111079
50081,E2,7607,2017-11-01 05:27:43.033,5,1,-7.9993903715243,-34.8746888809309
50081,E2,7607,2017-11-01 05:28:13.013,5,1,-8.00044662171943,-34.8770155777985
50081,E2,7607,2017-11-01 05:28:43.043,5,1,-8.00071289172499,-34.8781051724555
50081,E2,7607,2017-11-01 05:29:13.180,5,1,-8.00118242673188,-34.8802205867566
50081,E2,7607,2017-11-01 05:29:43.177,5,1,-8.00151097970578,-34.8815281445353
50081,E2,7607,2017-11-01 05:30:13.177,5,1,-8.00203041570485,-34.8826098347207
50081,E2,7607,2017-11-01 05:30:43.187,5,1,-8.00380285211646,-34.8844954287879
50081,E2,7607,2017-11-01 05:31:13.200,5,1,-8.00458669387151,-34.8850885718765
50081,E2,7607,2017-11-01 05:31:43.183,5,1,-8.00584753120844,-34.8861555450005
50081,E2,7607,2017-11-01 05:32:13.180,5,1,-8.00827978327723,-34.8880714217636
50081,E2,7607,2017-11-01 05:32:43.177,5,1,-8.00999276304124,-34.8891132895167
50081,E2,7607,2017-11-01 05:33:13.177,5,1,-8.01115833565136,-34.8892637838685
50081,E2,7607,2017-11-01 05:33:43.203,5,1,-8.01273015285552,-34.8895431340189
50081,E2,7607,2017-11-01 05:34:13.327,5,1,-8.01371570276568,-34.8895204711036
50081,E2,7607,2017-11-01 05:34:43.323,5,1,-8.0148342829368,-34.8900607658538
50081,E2,7607,2017-11-01 05:35:13.320,5,1,-8.01568943599746,-34.890871949663
50081,E2,7607,2017-11-01 05:35:43.350,5,1,-8.01657195824434,-34.8916288428967
50081,E2,7607,2017-11-01 05:36:13.333,5,1,-8.01717501180979,-34.8922121157273
50476,E2,8387,2017-11-01 00:19:56.737,1,1,-7.98990283327789,-34.9343495897909
50476,E2,8387,2017-11-01 00:20:56.637,1,1,-7.98989379290735,-34.9343495472162
50476,E2,8387,2017-11-01 00:21:32.390,1,0,-7.98989379290735,-34.9343495472162
50476,E2,8387,2017-11-01 00:22:02.390,11,1,-7.9899027483961,-34.9343677279402
50476,E2,8387,2017-11-01 00:22:32.387,11,1,-7.9899027483961,-34.9343677279402
50476,E2,8387,2017-11-01 00:23:02.383,11,1,-7.98989370802566,-34.9343676853651
50476,E2,8387,2017-11-01 00:23:32.380,11,1,-7.98990279083709,-34.9343586588656
50476,E2,8387,2017-11-01 00:24:02.380,11,1,-7.98990283327789,-34.9343495897909
50476,E2,8387,2017-11-01 00:24:32.377,11,1,-7.98989387778826,-34.934331409067
50476,E2,8387,2017-11-01 00:25:02.390,11,1,-7.98989370802566,-34.9343676853651
50476,E2,8387,2017-11-01 00:25:32.387,11,1,-7.98988462521412,-34.9343767118643
50476,E2,8387,2017-11-01 00:26:02.383,11,1,-7.98988471009612,-34.9343585737158
50476,E2,8387,2017-11-01 00:26:32.383,11,1,-7.98988479497732,-34.9343404355671
50476,E2,8387,2017-11-01 00:27:02.380,11,1,-7.98987630631452,-34.9342224950241
50476,E2,8387,2017-11-01 00:27:32.377,11,1,-7.9901201841382,-34.9342689898811
50476,E2,8387,2017-11-01 00:28:02.390,11,1,-7.9901201841382,-34.9342689898811
50476,E2,8387,2017-11-01 00:28:32.387,11,1,-7.99013817999918,-34.9342872131901
50476,E2,8387,2017-11-01 00:29:02.387,11,1,-7.99040956088677,-34.9342522141061
50476,E2,8387,2017-11-01 00:29:32.383,3,1,-7.99088857320277,-34.934281677959
50476,E2,8387,2017-11-01 00:30:02.380,3,1,-7.99144542495051,-34.935064261135
50476,E2,8387,2017-11-01 00:30:32.377,3,1,-7.99242254888059,-34.9349056178094
50476,E2,8387,2017-11-01 00:31:02.390,3,1,-7.99338961323505,-34.9349645912468
50476,E2,8387,2017-11-01 00:31:32.387,3,1,-7.99394535738711,-34.935982978679
50476,E2,8387,2017-11-01 00:32:02.387,3,1,-7.99356158174836,-34.9368518260277
50476,E2,8387,2017-11-01 00:32:32.383,5,1,-7.99347032786497,-34.9370327823268
50476,E2,8387,2017-11-01 00:33:02.380,5,1,-7.99428938495586,-34.937807542149
50476,E2,8387,2017-11-01 00:33:32.377,5,1,-7.99578506098207,-34.9388847904292
50476,E2,8387,2017-11-01 00:34:02.390,5,1,-7.99752814383567,-34.9392558023937
50476,E2,8387,2017-11-01 00:34:32.387,5,1,-7.99901233561942,-34.9389272475238
50476,E2,8387,2017-11-01 00:35:02.387,5,1,-8.00132034878903,-34.9383577085061
50476,E2,8387,2017-11-01 00:35:32.383,5,1,-8.0047401546192,-34.9378296990508
50476,E2,8387,2017-11-01 00:36:02.380,5,1,-8.0052920416535,-34.937741611804
50476,E2,8387,2017-11-01 00:36:32.377,5,1,-8.00698348088139,-34.9375591455443
50476,E2,8387,2017-11-01 00:37:02.390,5,1,-8.00898382577886,-34.9370516314039
50476,E2,8387,2017-11-01 00:37:32.387,5,1,-8.00982917830617,-34.9360760998471
50476,E2,8387,2017-11-01 00:38:02.387,5,1,-8.01199231812473,-34.9336284179115
50476,E2,8387,2017-11-01 00:38:32.383,5,1,-8.01393648268199,-34.9316059583595
50476,E2,8387,2017-11-01 00:39:02.380,5,1,-8.01702783594258,-34.9297884246605
50476,E2,8387,2017-11-01 00:39:32.377,5,1,-8.01948041823086,-34.9273057500846
50476,E2,8387,2017-11-01 00:40:02.577,5,1,-8.02060163566545,-34.9253337720332
50476,E2,8387,2017-11-01 00:40:32.530,5,1,-8.02056958628782,-34.9244538309386
50476,E2,8387,2017-11-01 00:41:02.527,5,1,-8.02056958628782,-34.9244538309386
50476,E2,8387,2017-11-01 00:41:32.540,5,1,-8.02078721681486,-34.9223778210802
50476,E2,8387,2017-11-01 00:42:02.537,5,1,-8.02100471050098,-34.920329016072
50476,E2,8387,2017-11-01 00:42:32.533,5,1,-8.02140710095814,-34.917401277917
50476,E2,8387,2017-11-01 00:43:02.533,5,1,-8.02290454876671,-34.9142246912753
50476,E2,8387,2017-11-01 00:43:32.530,5,1,-8.02384296789508,-34.9126690201699
50476,E2,8387,2017-11-01 00:44:02.620,5,1,-8.02432817964505,-34.9113651874904
50476,E2,8387,2017-11-01 00:44:32.540,5,1,-8.02523064246068,-34.9078138932723
50476,E2,8387,2017-11-01 00:45:02.537,5,1,-8.02573425831142,-34.9064375713526
12057,E3,5474,2017-11-01 04:47:30.693,1,1,-8.04526340102308,-34.9599358976887
12057,E3,5474,2017-11-01 04:48:30.173,1,0,-8.04526340102308,-34.9599358976887
12057,E3,5474,2017-11-01 05:54:02.167,1,1,-8.04526279483483,-34.9600628799667
12057,E3,5474,2017-11-01 05:55:01.880,1,1,-8.04525405772602,-34.9599993453871
12057,E3,5474,2017-11-01 05:56:01.547,1,1,-8.04524501751818,-34.9599993019453
12057,E3,5474,2017-11-01 05:57:01.260,1,1,-8.04521785359562,-34.9600082417818
12057,E3,5474,2017-11-01 05:58:00.990,1,1,-8.04524506081714,-34.9599902317829
12057,E3,5474,2017-11-01 05:59:00.687,1,1,-8.04520924636846,-34.9599174967229
12057,E3,5474,2017-11-01 06:00:00.433,1,1,-8.04554395056472,-34.9598737531814
12057,E3,5474,2017-11-01 06:01:00.163,1,0,-8.04554395056472,-34.9598737531814
12057,E3,5474,2017-11-01 06:52:44.347,1,1,-8.0457167969315,-34.9596478242105
12057,E3,5474,2017-11-01 06:53:44.077,1,1,-8.04477916880102,-34.9591081679163
12057,E3,5474,2017-11-01 06:54:43.773,1,1,-8.04192600807517,-34.9583507020486
12057,E3,5474,2017-11-01 06:55:43.473,1,1,-8.03809917734961,-34.9570262281298
12057,E3,5474,2017-11-01 06:56:43.187,1,1,-8.03449154474356,-34.9552311883093
12057,E3,5474,2017-11-01 06:57:44.337,1,0,-8.03449154474356,-34.9552311883093
12057,E3,5474,2017-11-01 06:58:14.367,2,1,-8.03299224510724,-34.9549337676069
12057,E3,5474,2017-11-01 06:58:44.347,2,0,-8.03299224510724,-34.9549337676069
12057,E3,5474,2017-11-01 06:59:14.377,2,1,-8.03232611265237,-34.9543319526127
12057,E3,5474,2017-11-01 06:59:44.343,2,0,-8.03232611265237,-34.9543319526127
12057,E3,5474,2017-11-01 07:00:14.357,2,1,-8.03214565259252,-34.9542585284896
12057,E3,5474,2017-11-01 07:00:44.383,2,1,-8.03176380703923,-34.9547102069626
12057,E3,5474,2017-11-01 07:01:14.380,2,1,-8.03050503984812,-34.9570624017214
12057,E3,5474,2017-11-01 07:01:44.363,2,1,-8.03053537292417,-34.9582870044286
12057,E3,5474,2017-11-01 07:02:14.360,2,1,-8.03099543100926,-34.9584978206449
12057,E3,5474,2017-11-01 07:02:44.373,2,1,-8.03149251364807,-34.9585274135
12057,E3,5474,2017-11-01 07:03:14.340,2,0,-8.03149251364807,-34.9585274135
12057,E3,5474,2017-11-01 07:03:44.367,2,1,-8.031501597063,-34.958518386969
12057,E3,5474,2017-11-01 07:04:14.367,2,1,-8.03148360300449,-34.9585001605718
12057,E3,5474,2017-11-01 07:04:44.363,2,1,-8.03147456278247,-34.9585001172385
12057,E3,5474,2017-11-01 07:05:14.360,2,1,-8.03148360300449,-34.9585001605718
12057,E3,5474,2017-11-01 07:05:44.357,2,1,-8.03148360300449,-34.9585001605718
12057,E3,5474,2017-11-01 07:06:14.357,2,1,-8.03149264322651,-34.9585002039052
12057,E3,5474,2017-11-01 07:06:44.353,2,1,-8.03157383245106,-34.9585368733746
12057,E3,5474,2017-11-01 07:07:14.367,2,1,-8.03164498791034,-34.958782106477
12057,E3,5474,2017-11-01 07:07:44.363,2,1,-8.03332876605936,-34.9602051164901
12057,E3,5474,2017-11-01 07:08:14.360,2,1,-8.03332876605936,-34.9602051164901
12057,E3,5474,2017-11-01 07:08:44.357,2,1,-8.03571568090098,-34.9620487430648
12057,E3,5474,2017-11-01 07:09:14.357,2,1,-8.03949904118331,-34.964896835167
12057,E3,5474,2017-11-01 07:09:44.353,2,1,-8.03941308055189,-34.9658578638767
12057,E3,5474,2017-11-01 07:10:14.367,2,1,-8.03890596262029,-34.9660368255225
12057,E3,5474,2017-11-01 07:10:44.380,2,1,-8.03818010095227,-34.9665866106589
12057,E3,5474,2017-11-01 07:11:14.377,2,1,-8.03867357663051,-34.9673690240698
12057,E3,5474,2017-11-01 07:11:44.203,2,1,-8.03916565365778,-34.9665550778285
12057,E3,5474,2017-11-01 07:12:14.200,2,1,-8.03937613865974,-34.9660209497121
12057,E3,5474,2017-11-01 07:12:44.197,2,0,-8.03937613865974,-34.9660209497121
12057,E3,5474,2017-11-01 07:13:14.210,2,1,-8.03935535245909,-34.9646965987549
12057,E3,5474,2017-11-01 07:13:44.207,2,1,-8.03900417296186,-34.9644046617998
12057,E3,5474,2017-11-01 07:14:14.220,2,1,-8.03608546318625,-34.9622319228863
12057,E3,5474,2017-11-01 07:14:44.203,2,1,-8.03505855963659,-34.9614560272225
81074,E9,4320,2017-11-01 05:43:05.373,1,1,-7.97021929562908,-34.8496971439547
81074,E9,4320,2017-11-01 05:44:05.040,1,1,-7.97033743358731,-34.8495616355899
81074,E9,4320,2017-11-01 05:45:04.690,1,1,-7.96883348267085,-34.8482398413087
81074,E9,4320,2017-11-01 05:46:04.343,1,1,-7.96830140813101,-34.847938169018
81074,E9,4320,2017-11-01 05:47:03.993,1,1,-7.96794001740968,-34.8478821323124
81074,E9,4320,2017-11-01 05:48:03.647,1,1,-7.9679310170095,-34.8478730227103
81074,E9,4320,2017-11-01 05:49:03.297,1,1,-7.96794913910982,-34.8478640347844
81074,E9,4320,2017-11-01 05:50:03.043,1,1,-7.96794913910982,-34.8478640347844
81074,E9,4320,2017-11-01 05:51:02.757,1,1,-7.96794009827622,-34.8478639942257
81074,E9,4320,2017-11-01 05:52:02.487,1,1,-7.96794009827622,-34.8478639942257
81074,E9,4320,2017-11-01 05:53:02.217,1,1,-7.96761559856066,-34.8476448772627
81074,E9,4320,2017-11-01 05:54:02.210,1,1,-7.96456681617998,-34.8480846623471
81074,E9,4320,2017-11-01 05:55:01.927,1,1,-7.96146417690923,-34.8504649863443
81074,E9,4320,2017-11-01 05:56:01.610,1,1,-7.96080112174609,-34.8511512581853
81074,E9,4320,2017-11-01 05:57:01.307,1,0,-7.96080112174609,-34.8511512581853
81074,E9,4320,2017-11-01 06:15:55.797,1,1,-7.96074691729552,-34.8511419457545
81074,E9,4320,2017-11-01 06:16:55.480,1,1,-7.96046588296711,-34.8513129957554
81074,E9,4320,2017-11-01 06:17:55.163,1,1,-7.96048412648733,-34.8512768014997
81074,E9,4320,2017-11-01 06:18:54.863,1,1,-7.96046596390828,-34.8512948580327
81074,E9,4320,2017-11-01 06:19:54.560,1,1,-7.96045696355927,-34.8512857485762
81074,E9,4320,2017-11-01 06:20:54.290,1,1,-7.96046592343779,-34.8513039268941
81074,E9,4320,2017-11-01 06:21:53.987,1,1,-7.96092014964129,-34.85081623761
81074,E9,4320,2017-11-01 06:22:53.670,1,1,-7.96034936401026,-34.8510857465324
81074,E9,4320,2017-11-01 06:23:53.340,1,1,-7.95881262677097,-34.8510335027695
81031,E9,199,2017-11-01 08:55:11.123,1,1,-7.99340966586117,-34.8395253826576
81031,E9,199,2017-11-01 08:56:10.870,1,1,-7.99731471321359,-34.8396789318342
81031,E9,199,2017-11-01 08:57:10.630,1,1,-7.99875144251974,-34.8398577021942
81031,E9,199,2017-11-01 08:58:10.360,1,1,-7.99982677951091,-34.8399804341583
81031,E9,199,2017-11-01 08:59:10.107,1,1,-8.00269958898639,-34.8404831031003
81031,E9,199,2017-11-01 09:00:09.837,1,1,-8.00512051512371,-34.8409474739607
81031,E9,199,2017-11-01 09:01:09.590,1,1,-8.00688993121694,-34.8415359079971
81031,E9,199,2017-11-01 09:02:09.327,1,1,-8.00707054573745,-34.8415820701003
81031,E9,199,2017-11-01 09:03:09.037,1,1,-8.00889392097346,-34.8422342450944
81031,E9,199,2017-11-01 09:04:08.767,1,1,-8.01084386547259,-34.8428869968922
81031,E9,199,2017-11-01 09:05:08.560,1,1,-8.01360220704476,-34.8447225286554
81031,E9,199,2017-11-01 09:06:08.367,1,1,-8.01478111349844,-34.8459432561268
81031,E9,199,2017-11-01 09:07:08.220,1,1,-8.0172656446664,-34.8483490230513
81031,E9,199,2017-11-01 09:08:07.937,1,1,-8.02082881122366,-34.8521474661004
81031,E9,199,2017-11-01 09:09:07.667,1,1,-8.01986293823807,-34.8538211085392
81031,E9,199,2017-11-01 09:10:07.410,1,1,-8.01645895107248,-34.8548397010274
81031,E9,199,2017-11-01 09:11:07.157,1,1,-8.01221204929822,-34.8563261115877
81031,E9,199,2017-11-01 09:12:06.870,1,1,-8.01007511927611,-34.8570511073192
81031,E9,199,2017-11-01 09:13:06.567,1,1,-8.00638624059541,-34.8570888111144
81031,E9,199,2017-11-01 09:14:06.377,1,1,-8.00317082761461,-34.8563849293814
81031,E9,199,2017-11-01 09:15:06.077,1,1,-8.00156332345563,-34.8559876460168
81031,E9,199,2017-11-01 09:16:05.803,1,1,-7.99897139195359,-34.8553591677598
81031,E9,199,2017-11-01 09:17:05.597,1,1,-7.99888982114843,-34.8554041482452
81031,E9,199,2017-11-01 09:18:05.297,1,1,-7.99969680433604,-34.8568952590505
81031,E9,199,2017-11-01 09:19:04.977,1,1,-7.99891462276038,-34.8599391908777
81031,E9,199,2017-11-01 09:20:04.707,1,1,-7.99684671053722,-34.8613991253532
81558,E9,6046,2017-11-01 08:44:13.287,5,1,-7.94138793010644,-34.8778436534916
81558,E9,6046,2017-11-01 08:44:43.283,5,1,-7.93945224348658,-34.8760483742763
81558,E9,6046,2017-11-01 08:45:13.280,5,1,-7.93844062562446,-34.8758352096865
81558,E9,6046,2017-11-01 08:45:43.280,5,1,-7.93763604402016,-34.8758224910449
81558,E9,6046,2017-11-01 08:46:13.277,5,1,-7.93728038588708,-34.8785051253954
81558,E9,6046,2017-11-01 08:46:43.290,5,1,-7.93810858876397,-34.8812928895796
81558,E9,6046,2017-11-01 08:47:13.287,5,1,-7.93942309523589,-34.8805008490564
81558,E9,6046,2017-11-01 08:47:43.283,5,1,-7.93983999139653,-34.880276034407
81558,E9,6046,2017-11-01 08:48:13.297,5,1,-7.93981020408701,-34.8808653477228
81558,E9,6046,2017-11-01 08:48:43.280,5,1,-7.9397081726299,-34.8814361950778
81558,E9,6046,2017-11-01 08:49:13.277,5,1,-7.93970813160723,-34.8814452633277
81558,E9,6046,2017-11-01 08:49:43.290,5,1,-7.93976690257809,-34.8824430587029
81558,E9,6046,2017-11-01 08:50:13.287,5,1,-7.94035689315411,-34.8839239015636
81558,E9,6046,2017-11-01 08:50:43.283,5,1,-7.94048925703689,-34.8846409115667
81558,E9,6046,2017-11-01 08:51:13.283,5,1,-7.94164378878921,-34.8852356260957
81558,E9,6046,2017-11-01 08:51:43.280,5,1,-7.94310570087984,-34.8858317473576
81558,E9,6046,2017-11-01 08:52:13.277,5,1,-7.94392945554571,-34.8875947966936
81558,E9,6046,2017-11-01 08:52:43.290,5,1,-7.94483922349134,-34.8883335032382
81558,E9,6046,2017-11-01 08:53:13.287,5,1,-7.94554960082349,-34.8891801236619
81558,E9,6046,2017-11-01 08:53:43.287,5,1,-7.94687449069592,-34.8900839702872
81558,E9,6046,2017-11-01 08:54:13.283,5,1,-7.94770255583766,-34.890894862538
81558,E9,6046,2017-11-01 08:54:43.280,5,1,-7.94763179846194,-34.8925359477619
81558,E9,6046,2017-11-01 08:55:13.277,5,1,-7.94772715492486,-34.8934341717005
81558,E9,6046,2017-11-01 08:55:43.277,5,1,-7.94922049362002,-34.8950642954723
81558,E9,6046,2017-11-01 08:56:13.287,5,1,-7.94934184785547,-34.896207493186
81558,E9,6046,2017-11-01 08:56:43.287,5,1,-7.94935076426211,-34.8962347398595
81558,E9,6046,2017-11-01 08:57:13.283,5,1,-7.95011664732602,-34.8968005101365
81558,E9,6046,2017-11-01 08:57:43.297,5,1,-7.95146004919886,-34.897604721275
81558,E9,6046,2017-11-01 08:58:13.277,5,1,-7.95220664569149,-34.8984333989612
81558,E9,6046,2017-11-01 08:58:43.277,5,1,-7.95281908284432,-34.8989440598974
81558,E9,6046,2017-11-01 08:59:13.287,5,0,-7.95281908284432,-34.8989440598974
81558,E9,6046,2017-11-01 08:59:43.287,5,1,-7.95576008621679,-34.8963639446837
81558,E9,6046,2017-11-01 09:00:13.283,5,1,-7.95608102174509,-34.8953769290714
81558,E9,6046,2017-11-01 09:00:43.297,5,1,-7.95517965349878,-34.8947833217941
81558,E9,6046,2017-11-01 09:01:13.283,5,1,-7.95463103263055,-34.8941550619837
81558,E9,6046,2017-11-01 09:01:43.327,5,1,-7.95458270386664,-34.892858015565
81558,E9,6046,2017-11-01 09:02:13.293,5,1,-7.95490201908982,-34.8922246704553
81558,E9,6046,2017-11-01 09:02:43.320,5,1,-7.95444607187203,-34.8910980594277
81558,E9,6046,2017-11-01 09:03:13.297,5,1,-7.95469244026094,-34.8906004090891
81558,E9,6046,2017-11-01 09:03:43.310,5,1,-7.95637126832225,-34.8912066406197
81558,E9,6046,2017-11-01 09:04:13.290,5,0,-7.95637126832225,-34.8912066406197
81558,E9,6046,2017-11-01 09:04:43.320,5,1,-7.95918463500559,-34.8908386511242
81558,E9,6046,2017-11-01 09:05:13.300,5,1,-7.95947455459198,-34.890703948193
81558,E9,6046,2017-11-01 09:05:43.300,5,1,-7.95975551620901,-34.8905510663727
81558,E9,6046,2017-11-01 09:06:13.297,5,1,-7.96052533228377,-34.8902553241877
81558,E9,6046,2017-11-01 09:06:43.293,5,1,-7.96105976174792,-34.8900310529687
81558,E9,6046,2017-11-01 09:07:13.290,5,1,-7.96233391026133,-34.8901638593762
81558,E9,6046,2017-11-01 09:07:43.303,5,1,-7.96425861068702,-34.8903812719434
81558,E9,6046,2017-11-01 09:08:13.303,5,1,-7.96556871409052,-34.8905595925512
81558,E9,6046,2017-11-01 09:08:43.300,5,1,-7.9659932920504,-34.8906340925371